<?xml version="1.0" encoding="UTF-8"?>
<NavProperties>
  <PropertyContext uid="com.adobe.navigator.themes" global="true" label="THEME_PROPERTIES" labelKey="themeProperties" description="">
    <PropertyList name="skins" enabled="true" visible="true" label="THEME_LIST" labelKey="themeList" description="" active="greyRed" fixed="true">
      <SkinBinary name="gel" enabled="true" visible="true" label="GEL_THEME" labelKey="gelTheme" description="" url="" type="default">
        <SelectEffect type="propertyValue" property="gradientType" value="linear" context="com.adobe.navigator.background"/>
        <SelectEffect type="propertyValue" property="gradientIntensity" value="70" context="com.adobe.navigator.background"/>
        <SelectEffect type="propertyValue" property="imageSource" value="gel" context="com.adobe.navigator.background"/>
        <SelectEffect type="propertyValue" property="imageScale" value="actualSizeTiled" context="com.adobe.navigator.background"/>
        <SelectEffect type="propertyValue" property="imageOpacity" value="50" context="com.adobe.navigator.background"/>
        <SelectEffect type="propertyValue" property="imagePosition" value="center" context="com.adobe.navigator.background"/>
        <SelectEffect type="propertyValue" property="imageBlur" value="0" context="com.adobe.navigator.background"/>
        <SelectEffect type="colorValue" property="background" value="0x839AAB"/>
        <SelectEffect type="colorValue" property="cardBackground" value="0x0078A6"/>
        <SelectEffect type="colorValue" property="cardBorder" value="0x999999"/>
        <SelectEffect type="colorValue" property="primaryText" value="0xFFFFFF"/>
        <SelectEffect type="colorValue" property="secondaryText" value="0xEAC170"/>
      </SkinBinary>
      <SkinBinary name="spring" enabled="true" visible="true" label="SPRING_THEME" labelKey="springTheme" description="" url="navigator/SpringSkins.swf" type="flex">
        <SelectEffect type="propertyValue" property="gradientType" value="linear" context="com.adobe.navigator.background"/>
        <SelectEffect type="propertyValue" property="gradientIntensity" value="70" context="com.adobe.navigator.background"/>
        <SelectEffect type="propertyValue" property="imageSource" value="spring" context="com.adobe.navigator.background"/>
        <SelectEffect type="propertyValue" property="imageScale" value="noBorder" context="com.adobe.navigator.background"/>
        <SelectEffect type="propertyValue" property="imageOpacity" value="100" context="com.adobe.navigator.background"/>
        <SelectEffect type="propertyValue" property="imagePosition" value="center" context="com.adobe.navigator.background"/>
        <SelectEffect type="propertyValue" property="imageBlur" value="0" context="com.adobe.navigator.background"/>
        <SelectEffect type="colorValue" property="background" value="0x70AFC6"/>
        <SelectEffect type="colorValue" property="cardBackground" value="0x8DBD12"/>
        <SelectEffect type="colorValue" property="cardBorder" value="0xC3D8E0"/>
        <SelectEffect type="colorValue" property="primaryText" value="0xFFFFFF"/>
        <SelectEffect type="colorValue" property="secondaryText" value="0x577D00"/>
      </SkinBinary>
      <SkinBinary name="techOffice" enabled="true" visible="true" label="TECH_OFFICE_THEME" labelKey="techOfficeTheme" description="" url="navigator/TechOfficeSkins.swf" type="flex">
        <SelectEffect type="propertyValue" property="gradientType" value="linear" context="com.adobe.navigator.background"/>
        <SelectEffect type="propertyValue" property="gradientIntensity" value="70" context="com.adobe.navigator.background"/>
        <SelectEffect type="propertyValue" property="imageSource" value="techOffice" context="com.adobe.navigator.background"/>
        <SelectEffect type="propertyValue" property="imageScale" value="noBorder" context="com.adobe.navigator.background"/>
        <SelectEffect type="propertyValue" property="imageOpacity" value="100" context="com.adobe.navigator.background"/>
        <SelectEffect type="propertyValue" property="imagePosition" value="center" context="com.adobe.navigator.background"/>
        <SelectEffect type="propertyValue" property="imageBlur" value="0" context="com.adobe.navigator.background"/>
        <SelectEffect type="colorValue" property="background" value="0x794A2D"/>
        <SelectEffect type="colorValue" property="cardBackground" value="0xEEE5D3"/>
        <SelectEffect type="colorValue" property="cardBorder" value="0xFFFFFF"/>
        <SelectEffect type="colorValue" property="primaryText" value="0x463827"/>
        <SelectEffect type="colorValue" property="secondaryText" value="0xFFFFC5"/>
      </SkinBinary>
      <SkinBinary name="greyRed" enabled="true" visible="true" label="GREY_RED_THEME" labelKey="greyRedTheme" description="" url="navigator/GreyRedSkins.swf" type="flex">
        <SelectEffect type="propertyValue" property="gradientType" value="linear" context="com.adobe.navigator.background"/>
        <SelectEffect type="propertyValue" property="gradientIntensity" value="70" context="com.adobe.navigator.background"/>
        <SelectEffect type="propertyValue" property="imageSource" value="greyRed" context="com.adobe.navigator.background"/>
        <SelectEffect type="propertyValue" property="imageScale" value="noBorder" context="com.adobe.navigator.background"/>
        <SelectEffect type="propertyValue" property="imageOpacity" value="100" context="com.adobe.navigator.background"/>
        <SelectEffect type="propertyValue" property="imagePosition" value="center" context="com.adobe.navigator.background"/>
        <SelectEffect type="propertyValue" property="imageBlur" value="0" context="com.adobe.navigator.background"/>
        <SelectEffect type="colorValue" property="background" value="0x404348"/>
        <SelectEffect type="colorValue" property="cardBackground" value="0xCC3300"/>
        <SelectEffect type="colorValue" property="cardBorder" value="0xD6F7F4"/>
        <SelectEffect type="colorValue" property="primaryText" value="0xFFFFFF"/>
        <SelectEffect type="colorValue" property="secondaryText" value="0xCCCCCC"/>
      </SkinBinary>
      <SkinBinary name="acetate" enabled="true" visible="true" label="ACETATE_THEME" labelKey="acetateTheme" description="" url="navigator/AcetateSkins.swf" type="flex">
        <SelectEffect type="propertyValue" property="gradientType" value="linear" context="com.adobe.navigator.background"/>
        <SelectEffect type="propertyValue" property="gradientIntensity" value="70" context="com.adobe.navigator.background"/>
        <SelectEffect type="propertyValue" property="imageSource" value="acetate" context="com.adobe.navigator.background"/>
        <SelectEffect type="propertyValue" property="imageScale" value="noBorder" context="com.adobe.navigator.background"/>
        <SelectEffect type="propertyValue" property="imageOpacity" value="100" context="com.adobe.navigator.background"/>
        <SelectEffect type="propertyValue" property="imagePosition" value="center" context="com.adobe.navigator.background"/>
        <SelectEffect type="propertyValue" property="imageBlur" value="0" context="com.adobe.navigator.background"/>
        <SelectEffect type="colorValue" property="background" value="0x8AABB8"/>
        <SelectEffect type="colorValue" property="cardBackground" value="0xCCCCCC"/>
        <SelectEffect type="colorValue" property="cardBorder" value="0xFFFFFF"/>
        <SelectEffect type="colorValue" property="primaryText" value="0xCAFFB2"/>
        <SelectEffect type="colorValue" property="secondaryText" value="0xFFFFC5"/>
      </SkinBinary>
    </PropertyList>
    <PropertyAction name="importTheme" enabled="true" visible="true" label="IMPORT_THEME_BUTTON" labelKey="importThemeButton" description=""/>
  </PropertyContext>
  <PropertyContext uid="com.adobe.navigator.background" global="true" label="BACKGROUND_PROPERTIES" labelKey="backgroundProperties" description="">
    <ThemeFilteredList name="imageSource" enabled="true" visible="true" label="BACKGROUND_IMAGE_SOURCE" labelKey="backgroundImageSource" description="" active="greyRed" fixed="true">
      <PropertyAction name="select" enabled="true" visible="true" label="BACKGROUND_CHOOSE_IMAGE" labelKey="backgroundChooseImage" description=""/>
      <PropertyValue name="remove" enabled="true" visible="true" label="BACKGROUND_REMOVE_IMAGE" labelKey="backgroundRemoveImage" description=""/>
      <PropertyBinary name="gel" enabled="true" visible="true" label="BACKGROUND_GEL_DEFAULT" labelKey="backgroundGelDefault" description="" url="navigator/gel_tile.png"/>
      <PropertyBinary name="spring" enabled="true" visible="true" label="BACKGROUND_SPRING_DEFAULT" labelKey="backgroundSpringDefault" description="" url="navigator/spring_background.jpg"/>
      <PropertyBinary name="techOffice" enabled="true" visible="true" label="BACKGROUND_TECH_OFFICE_DEFAULT" labelKey="backgroundTechOfficeDefault" description="" url="navigator/techOffice_background.jpg"/>
      <PropertyBinary name="greyRed" enabled="true" visible="true" label="BACKGROUND_GREY_RED_DEFAULT" labelKey="backgroundGreyRedDefault" description="" url="navigator/greyRed_background.jpg"/>
      <PropertyBinary name="acetate" enabled="true" visible="true" label="BACKGROUND_ACETATE_DEFAULT" labelKey="backgroundAcetateDefault" description="" url="navigator/acetate_background.jpg"/>
    </ThemeFilteredList>
    <PropertyList name="imageScale" enabled="true" visible="true" label="BACKGROUND_IMAGE_SCALE" labelKey="backgroundImageScale" description="" active="noBorder" fixed="true">
      <PropertyValue name="actualSize" enabled="true" visible="true" label="BACKGROUND_IMAGE_ACTUAL_SIZE" labelKey="backgroundImageActualSize" description=""/>
      <PropertyValue name="actualSizeTiled" enabled="true" visible="true" label="BACKGROUND_IMAGE_ACTUAL_SIZE_TILED" labelKey="backgroundImageActualSizeTiled" description=""/>
      <PropertyValue name="showAll" enabled="true" visible="true" label="BACKGROUND_IMAGE_SHOW_ALL" labelKey="backgroundImageShowAll" description=""/>
      <PropertyValue name="noBorder" enabled="true" visible="true" label="BACKGROUND_IMAGE_NO_BORDER" labelKey="backgroundImageNoBorder" description=""/>
    </PropertyList>
    <PropertyList name="imagePosition" enabled="true" visible="true" label="BACKGROUND_IMAGE_POSITION" labelKey="backgroundImagePosition" description="" active="center" fixed="true">
      <PropertyValue name="topLeft" enabled="true" visible="true" label="POSITION_TOP_LEFT" labelKey="positionTopLeft" description=""/>
      <PropertyValue name="topCenter" enabled="true" visible="true" label="POSITION_TOP_CENTER" labelKey="positionTopCenter" description=""/>
      <PropertyValue name="topRight" enabled="true" visible="true" label="POSITION_TOP_RIGHT" labelKey="positionTopRight" description=""/>
      <PropertyValue name="middleLeft" enabled="true" visible="true" label="POSITION_LEFT" labelKey="positionMiddleLeft" description=""/>
      <PropertyValue name="center" enabled="true" visible="true" label="POSITION_CENTER" labelKey="positionMiddleCenter" description=""/>
      <PropertyValue name="middleRight" enabled="true" visible="true" label="POSITION_RIGHT" labelKey="positionMiddleRight" description=""/>
      <PropertyValue name="bottomLeft" enabled="true" visible="true" label="POSITION_BOTTOM_LEFT" labelKey="positionBottomLeft" description=""/>
      <PropertyValue name="bottomCenter" enabled="true" visible="true" label="POSITION_BOTTOM_CENTER" labelKey="positionBottomCenter" description=""/>
      <PropertyValue name="bottomRight" enabled="true" visible="true" label="POSITION_BOTTOM_RIGHT" labelKey="positionBottomRight" description=""/>
    </PropertyList>
    <PropertyNumber name="imageOpacity" enabled="true" visible="true" label="BACKGROUND_IMAGE_OPACITY" labelKey="backgroundImageOpacity" description="" type="" value="100" minValue="0" maxValue="100"/>
    <PropertyNumber name="imageBlur" enabled="true" visible="true" label="BACKGROUND_IMAGE_BLUR" labelKey="backgroundImageBlur" description="" type="" value="0" minValue="0" maxValue="100"/>
    <PropertyList name="gradientType" enabled="true" visible="true" label="BACKGROUND_GRADIENT_TYPE" labelKey="backgroundGradientType" description="" active="linear" fixed="true">
      <PropertyValue name="none" enabled="true" visible="true" label="BACKGROUND_GRADIENT_NONE" labelKey="backgroundGradientNone" description=""/>
      <PropertyValue name="linear" enabled="true" visible="true" label="BACKGROUND_GRADIENT_LINEAR" labelKey="backgroundGradientLinear" description=""/>
      <PropertyValue name="radial" enabled="true" visible="true" label="BACKGROUND_GRADIENT_RADIAL" labelKey="backgroundGradientRadial" description=""/>
    </PropertyList>
    <PropertyNumber name="gradientIntensity" enabled="true" visible="true" label="BACKGROUND_GRADIENT_INTENSITY" labelKey="backgroundGradientIntensity" description="" type="" value="70" minValue="-100" maxValue="100"/>
  </PropertyContext>
  <PropertyContext uid="com.adobe.navigator.header" global="false" label="HEADER_PROPERTIES" labelKey="headerProperties" description="">
    <PropertyList name="presetList" enabled="true" visible="true" label="CANVAS_TEMPLATE" labelKey="canvasTemplate" description="" active="blank" fixed="true">
      <PropertyValue name="blank" enabled="true" visible="true" label="TEMPLATE_NONE" labelKey="templateNone" description=""/>
      <PropertyValue name="custom" enabled="true" visible="true" label="TEMPLATE_CUSTOM" labelKey="templateCustom" description=""/>
      <CanvasTemplate name="simpleText" enabled="true" visible="true" label="TEMPLATE_SIMPLE_TEXT" labelKey="templateSimpleText" description="">
        <CanvasItem type="text" visible="true" left="8" right="8" top="8" bottom="8"/>
      </CanvasTemplate>
      <CanvasTemplate name="imageOnly" enabled="true" visible="true" label="TEMPLATE_IMAGE_ONLY" labelKey="templateImageOnly" description="">
        <CanvasItem type="image" url="" opacity="1" visible="true" left="8" right="8" top="8" bottom="8"/>
      </CanvasTemplate>
      <CanvasTemplate name="textAndImage" enabled="true" visible="true" label="TEMPLATE_TEXT_AND_IMAGE" labelKey="templateTextAndImage" description="">
        <CanvasItem type="image" url="" opacity="1" visible="true" width="200" left="8" top="8" bottom="8"/>
        <CanvasItem type="text" visible="true" left="216" right="8" top="8" bottom="8"/>
      </CanvasTemplate>
    </PropertyList>
    <PropertyValue name="headerItems" enabled="true" visible="true" label="HEADER_ITEMS" labelKey="headerItems" description=""/>
    <PropertyAction name="addText" enabled="true" visible="true" label="ADD_TEXT_BUTTON" labelKey="addText" description=""/>
    <PropertyAction name="addImage" enabled="true" visible="true" label="ADD_IMAGE_BUTTON" labelKey="addImage" description=""/>
    <PropertyColor name="backgroundColor" enabled="true" visible="true" label="CANVAS_BACKGROUND_COLOR" labelKey="canvasBackgroundColor" description="" type="uint" value="16777215" minValue="0" maxValue="16777215"/>
    <PropertyList name="gradientType" enabled="true" visible="true" label="BACKGROUND_GRADIENT_TYPE" labelKey="backgroundGradientType" description="" active="none" fixed="true">
      <PropertyValue name="none" enabled="true" visible="true" label="BACKGROUND_GRADIENT_NONE" labelKey="backgroundGradientNone" description=""/>
      <PropertyValue name="linear" enabled="true" visible="true" label="BACKGROUND_GRADIENT_LINEAR" labelKey="backgroundGradientLinear" description=""/>
      <PropertyValue name="radial" enabled="true" visible="true" label="BACKGROUND_GRADIENT_RADIAL" labelKey="backgroundGradientRadial" description=""/>
    </PropertyList>
    <PropertyNumber name="gradientIntensity" enabled="false" visible="true" label="BACKGROUND_GRADIENT_INTENSITY" labelKey="backgroundGradientIntensity" description="" type="" value="70" minValue="-100" maxValue="100"/>
    <PropertyNumber name="backgroundOpacity" enabled="true" visible="true" label="CANVAS_BACKGROUND_OPACITY" labelKey="canvasBackgroundOpacity" description="" type="" value="50" minValue="0" maxValue="100"/>
    <PropertyBinary name="headerURL" enabled="true" visible="false" label="" description="" url="navigator/header.xml"/>
  </PropertyContext>
  <PropertyContext uid="com.adobe.navigator.portfolio" global="false" label="PORTFOLIO_PROPERTIES" labelKey="portfolioProperties" description="">
    <FontList name="fontFamily" enabled="true" visible="true" label="TEXTFIELD_FONT_FAMILY" labelKey="textfieldFontFamily" description="" active="Myriad Pro" fixed="true"/>
    <PropertyBoolean name="embedFonts" enabled="true" visible="true" label="PORTFOLIO_EMBED_FONTS" labelKey="portfolioEmbedFonts" description="SHOULD_EMBED_FONTS_DESC" descriptionKey="shouldEmbedFontsDesc" value="false"/>
    <PropertyList name="cardSize" enabled="true" visible="true" label="PORTFOLIO_CARD_SIZE" labelKey="portfolioCardSize" description="" active="medium" fixed="true">
      <PropertyNumber name="small" enabled="true" visible="true" label="SIZE_SMALL" labelKey="sizeSmall" description="" type="" value="152"/>
      <PropertyNumber name="medium" enabled="true" visible="true" label="SIZE_MEDIUM" labelKey="sizeMedium" description="" type="" value="260"/>
      <PropertyNumber name="large" enabled="true" visible="true" label="SIZE_LARGE" labelKey="sizeLarge" description="" type="" value="360"/>
    </PropertyList>
  </PropertyContext>
  <PropertyContext uid="com.adobe.navigator.initalize" global="false" label="" description="">
    <PropertyBoolean name="initialized" enabled="true" visible="true" label="" description="" value="true">
      <SelectEffect type="colorValue" property="background" value="0x404348"/>
      <SelectEffect type="colorValue" property="cardBackground" value="0xCC3300"/>
      <SelectEffect type="colorValue" property="cardBorder" value="0xD6F7F4"/>
      <SelectEffect type="colorValue" property="primaryText" value="0xFFFFFF"/>
      <SelectEffect type="colorValue" property="secondaryText" value="0xCCCCCC"/>
    </PropertyBoolean>
  </PropertyContext>
</NavProperties>